ApplicationDate,CreditScore,AnnualIncome,LoanAmount,EmploymentStatus,OutstandingDebt,EmploymentStartDate,LoanOutcome,,,,,
01/01/2021,655,6306291,417034,Employed,159749,24/11/2011,Denied,,,,,
02/01/2021,652,7555169,5730135,Self-Employed,334035,25/12/2006,Approved,,,,, 
03/01/2021,490,9578220,1886511,Unemployed,159927,06/05/2006,Approved,,,,,
04/01/2021,759,7697704,9468833,Unemployed,3438,22/01/2009,Denied,,,,,
05/01/2021,800,9040140,655286,Self-Employed,110166,19/10/2005,Approved,,,,,
06/01/2021,708,7135340,2794275,Unemployed,43990,05/11/2009,Denied,,,,,
07/01/2021,334,11476173,6295274,Self-Employed,250980,06/12/2004,Denied,,,,,
08/01/2021,807,12481551,9898409,Employed,277781,28/07/2006,Denied,,,,,
09/01/2021,693,4103679,8068403,Self-Employed,130065,11/04/2011,Approved,,,,,
10/01/2021,385,13244821,3143312,Unemployed,383058,11/10/2007,Approved,,,,,
11/01/2021,824,11794889,9869434,Self-Employed,421589,15/03/2010,Denied,,,,,
13/01/2021,684,6491489,4503882,Unemployed,77191,20/06/2003,Denied,,,,,
14/01/2021,627,5315161,5607529,Employed,20408,10/06/2015,Approved,,,,,
15/01/2021,532,13974996,8188973,Employed,300622,05/08/2007,Approved,,,,,
16/01/2021,423,8166277,7391758,Self-Employed,483923,02/08/2005,Denied,,,,,
17/01/2021,463,13948323,2176134,Unemployed,208502,10/08/2003,Denied,,,,,
18/01/2021,464,14199713,8334558,Unemployed,321439,20/01/2008,Denied,,,,,
19/01/2021,566,5225013,1498399,Self-Employed,483365,17/01/2013,Approved,,,,,
20/01/2021,532,6593403,5977365,Self-Employed,309570,23/07/2000,Denied,,,,,
21/01/2021,322,7555036,8068339,Unemployed,25729,26/12/2003,Approved,,,,,
22/01/2021,563,3583612,3340576,Unemployed,289530,17/02/2003,Denied,,,,,
23/01/2021,453,7935296,3432809,Self-Employed,156178,20/05/2012,Approved,,,,,
25/01/2021,675,10158816,7001244,Employed,137409,19/04/2004,Denied,,,,,
26/01/2021,817,12173371,8549779,Unemployed,251735,13/10/2003,Denied,,,,,
27/01/2021,678,14675460,6756754,Unemployed,478711,29/10/2001,Approved,,,,,
28/01/2021,618,14186112,2281150,Self-Employed,164373,19/03/2007,Denied,,,,,
29/01/2021,570,7463071,675033,Self-Employed,110033,04/09/2013,Approved,,,,,
30/01/2021,418,9013992,9773835,Unemployed,6746,08/08/2000,Approved,,,,,
31/01/2021,666,7230027,3805630,Unemployed,122407,23/02/2007,Approved,,,,,
01/02/2021,317,3308903,2986453,Unemployed,80345,05/04/2004,Denied,,,,,
02/02/2021,339,13090398,8902662,Employed,169411,10/12/2011,Denied,,,,,
03/02/2021,667,14809004,7640118,Employed,395661,30/01/2002,Denied,,,,,
05/02/2021,588,13797329,5554753,Unemployed,13059,21/08/2006,Denied,,,,,
06/02/2021,741,13341901,6086278,Employed,87061,19/09/2014,Approved,,,,,
07/02/2021,363,14928470,9452527,Employed,492830,03/01/2012,Denied,,,,,
08/02/2021,418,10492329,4088765,Self-Employed,446911,19/09/2005,Approved,,,,,
09/02/2021,823,7192658,4370746,Self-Employed,423629,05/03/2001,Approved,,,,,
10/02/2021,664,13291253,7218951,Unemployed,304073,07/02/2013,Approved,,,,,
11/02/2021,637,13127057,5881146,Unemployed,457758,21/12/2008,Denied,,,,,
12/02/2021,838,12406759,6083939,Self-Employed,403157,02/03/2009,Denied,,,,,
13/02/2021,570,13931496,9519235,Unemployed,71592,23/03/2011,Approved,,,,,
14/02/2021,378,13738488,5911899,Unemployed,98268,19/12/2000,Denied,,,,,
15/02/2021,440,8749076,3792107,Employed,347059,19/01/2012,Denied,,,,,
17/02/2021,848,3547680,5918325,Employed,485000,11/07/2009,Approved,,,,,
18/02/2021,631,14067769,8744023,Employed,235521,05/02/2008,Approved,,,,,
19/02/2021,448,4311785,2499082,Employed,72,04/12/2003,Approved,,,,,
20/02/2021,563,10470674,6921847,Unemployed,192425,16/12/2012,Approved,,,,,
21/02/2021,800,10689298,2648413,Self-Employed,468366,19/04/2004,Denied,,,,,
22/02/2021,831,9544800,4260081,Employed,335989,30/01/2014,Approved,,,,,
23/02/2021,395,9078280,7772725,Self-Employed,391982,08/11/2008,Denied,,,,,
24/02/2021,714,7143519,8511921,Self-Employed,415210,15/02/2003,Denied,,,,,
25/02/2021,545,7651799,160168,Unemployed,340980,12/05/2013,Denied,,,,,
26/02/2021,331,4313949,5341225,Employed,152844,28/05/2006,Denied,,,,,
28/02/2021,494,14134805,6594785,Employed,67810,18/02/2015,Denied,,,,,
01/03/2021,382,13716155,6412336,Employed,377266,25/10/2003,Approved,,,,,
02/03/2021,790,9739070,8312491,Self-Employed,45942,13/08/2014,Approved,,,,,
03/03/2021,796,9600365,9685671,Unemployed,354593,29/06/2013,Denied,,,,,
04/03/2021,556,11681023,7784853,Unemployed,414475,11/12/2015,Approved,,,,,
05/03/2021,478,7965825,613995,Employed,163812,29/03/2008,Denied,,,,,
06/03/2021,566,6017321,1814469,Unemployed,302745,03/08/2004,Denied,,,,,
07/03/2021,600,5689214,5954809,Self-Employed,166350,07/11/2010,Denied,,,,,
08/03/2021,701,5704111,3115403,Self-Employed,173927,23/08/2009,Denied,,,,,
09/03/2021,705,12298136,5301375,Unemployed,28356,15/05/2007,Denied,,,,,
10/03/2021,633,13872034,3589294,Employed,29528,16/06/2007,Denied,,,,,
12/03/2021,310,8892287,7736601,Self-Employed,243907,26/03/2005,Approved,,,,,
13/03/2021,655,9599819,1992791,Self-Employed,431207,30/09/2005,Approved,,,,,
14/03/2021,664,13218149,8598304,Unemployed,238347,16/03/2009,Denied,,,,,
15/03/2021,460,7828093,7419937,Employed,388896,30/09/2001,Denied,,,,,
16/03/2021,623,14390902,7437936,Unemployed,388318,07/01/2005,Denied,,,,,
17/03/2021,501,6693783,496829,Self-Employed,379526,01/07/2013,Approved,,,,,
18/03/2021,518,4227967,9092931,Unemployed,245208,10/03/2009,Denied,,,,,
19/03/2021,427,9900881,373252,Employed,265208,18/03/2009,Denied,,,,,
20/03/2021,308,9477538,7814584,Self-Employed,256718,07/10/2015,Approved,,,,,
21/03/2021,707,11285564,5913707,Self-Employed,300615,28/09/2006,Approved,,,,,
23/03/2021,511,14811627,2861783,Employed,30371,26/03/2004,Approved,,,,,
24/03/2021,614,6849739,1274380,Unemployed,329598,06/09/2005,Denied,,,,,
25/03/2021,485,7822527,7531759,Employed,34858,25/02/2001,Approved,,,,,
26/03/2021,522,10109970,8470217,Self-Employed,182717,04/11/2006,Denied,,,,,
27/03/2021,363,12970433,5610738,Employed,232834,03/09/2000,Approved,,,,,
28/03/2021,783,7826732,5373740,Unemployed,111040,13/12/2014,Approved,,,,,
29/03/2021,843,6365934,5801171,Self-Employed,131392,29/09/2014,Approved,,,,,
30/03/2021,835,10010570,930351,Employed,226567,24/02/2013,Denied,,,,,
31/03/2021,675,3351442,1498705,Self-Employed,313097,21/08/2015,Denied,,,,,
01/04/2021,674,14234691,1612344,Employed,250657,01/06/2015,Denied,,,,,
02/04/2021,585,10386388,7828929,Employed,376293,13/02/2015,Approved,,,,,
04/04/2021,612,14075507,5603335,Self-Employed,170368,23/12/2008,Approved,,,,,
05/04/2021,523,10461069,6700109,Unemployed,212365,30/10/2004,Denied,,,,,
06/04/2021,657,3553389,8265186,Employed,328713,30/05/2009,Approved,,,,,
07/04/2021,682,13674520,3074082,Unemployed,57920,03/06/2008,Approved,,,,,
08/04/2021,816,12137492,732254,Employed,274489,23/06/2002,Denied,,,,,
09/04/2021,838,14174877,8377737,Unemployed,497088,08/06/2004,Denied,,,,,
10/04/2021,382,7387388,9141527,Self-Employed,259298,29/06/2012,Denied,,,,,
11/04/2021,789,11512195,6327630,Unemployed,403148,12/08/2011,Approved,,,,,
12/04/2021,608,3566141,6191667,Employed,484100,29/01/2010,Approved,,,,,
13/04/2021,426,6921868,888615,Employed,273818,12/03/2005,Approved,,,,,
15/04/2021,454,4918337,2720326,Self-Employed,125900,27/07/2003,Approved,,,,,
16/04/2021,811,12028160,3440907,Employed,295508,25/07/2000,Denied,,,,,
17/04/2021,452,3366512,5720048,Unemployed,156281,17/11/2007,Approved,,,,,
18/04/2021,706,14435660,7925003,Unemployed,220035,04/02/2003,Approved,,,,,
19/04/2021,405,4620571,1934859,Employed,151950,23/09/2011,Approved,,,,,
20/04/2021,390,3560897,7679275,Self-Employed,348566,25/07/2013,Denied,,,,,
21/04/2021,780,14085617,5569085,Self-Employed,251652,02/12/2001,Denied,,,,,
22/04/2021,368,4323472,8333295,Unemployed,188205,26/08/2009,Denied,,,,,
23/04/2021,699,10665637,9088137,Self-Employed,429778,25/08/2001,Denied,,,,,
24/04/2021,631,3385513,4475530,Unemployed,385983,22/10/2004,Denied,,,,,
25/04/2021,467,5208412,9019122,Employed,445288,28/08/2014,Approved,,,,,
27/04/2021,342,7418383,9387661,Self-Employed,474568,01/10/2004,Denied,,,,,
28/04/2021,364,14872760,4428050,Employed,29782,24/02/2015,Denied,,,,,
29/04/2021,699,4541934,3012595,Self-Employed,313995,29/01/2005,Approved,,,,,
30/04/2021,457,11530271,4749737,Unemployed,293856,20/10/2011,Denied,,,,,
01/05/2021,711,9917214,6706147,Self-Employed,357071,15/09/2003,Approved,,,,,
02/05/2021,705,14046765,699723,Self-Employed,323784,01/10/2011,Denied,,,,,
03/05/2021,773,14250697,7830239,Employed,196568,20/10/2001,Denied,,,,,
04/05/2021,826,6527200,8837125,Self-Employed,330638,26/06/2012,Approved,,,,,
05/05/2021,322,10962566,2535199,Employed,331865,20/02/2004,Denied,,,,,
06/05/2021,436,10873990,9961181,Self-Employed,319335,10/09/2009,Approved,,,,,
08/05/2021,358,13572164,6387235,Unemployed,377499,13/12/2009,Approved,,,,,
09/05/2021,318,10587005,2110535,Unemployed,495748,01/01/2007,Denied,,,,,
10/05/2021,354,10568351,5509837,Employed,399913,18/12/2014,Denied,,,,,
11/05/2021,577,12496550,7601976,Self-Employed,85139,18/04/2005,Denied,,,,,
12/05/2021,730,8461299,4256392,Employed,462463,18/04/2007,Approved,,,,,
13/05/2021,641,13224114,5355338,Unemployed,251606,11/03/2009,Denied,,,,,
14/05/2021,540,14625283,3556448,Unemployed,412681,20/07/2013,Denied,,,,,
15/05/2021,502,9824953,1765148,Self-Employed,10446,30/08/2010,Denied,,,,,
16/05/2021,414,13523855,9108641,Self-Employed,94180,27/04/2005,Denied,,,,,
17/05/2021,565,11882654,6932084,Self-Employed,274427,08/05/2001,Approved,,,,,
18/05/2021,836,11532911,7292765,Unemployed,158749,27/06/2005,Approved,,,,,
20/05/2021,825,7909892,6698815,Self-Employed,229481,21/09/2014,Denied,,,,,
21/05/2021,573,7366337,725967,Unemployed,83822,07/06/2000,Denied,,,,,
22/05/2021,517,14322942,8189389,Unemployed,436678,28/11/2007,Approved,,,,,
23/05/2021,634,7879154,6957026,Unemployed,254639,22/08/2006,Denied,,,,,
24/05/2021,396,8178852,2909561,Employed,236199,20/06/2013,Denied,,,,,
25/05/2021,600,9253402,7614175,Self-Employed,93430,01/09/2006,Denied,,,,,
26/05/2021,596,13797532,9974945,Self-Employed,145867,08/09/2010,Denied,,,,,
27/05/2021,599,3089203,851448,Unemployed,431334,27/09/2015,Denied,,,,,
28/05/2021,760,4611063,2914459,Unemployed,375909,25/11/2001,Denied,,,,,
29/05/2021,710,12511764,9809006,Unemployed,346355,30/07/2001,Denied,,,,,
31/05/2021,312,9251138,2217038,Self-Employed,442250,29/12/2003,Approved,,,,,
01/06/2021,586,5907389,1288403,Self-Employed,211739,30/12/2011,Denied,,,,,
02/06/2021,650,10052596,3335996,Unemployed,143062,23/10/2014,Approved,,,,,
03/06/2021,457,11429928,693661,Unemployed,400394,17/01/2001,Denied,,,,,
04/06/2021,601,9886814,1241728,Unemployed,395202,12/01/2007,Approved,,,,,
05/06/2021,797,8325502,938916,Unemployed,406501,07/01/2007,Approved,,,,,
06/06/2021,597,8489154,9791273,Unemployed,312879,11/04/2010,Denied,,,,,
07/06/2021,729,7999333,7620135,Unemployed,28577,12/07/2000,Denied,,,,,
08/06/2021,593,7631421,6607800,Employed,290797,12/07/2004,Approved,,,,,
09/06/2021,585,7573244,6034266,Self-Employed,297634,29/03/2009,Denied,,,,,
10/06/2021,337,12656934,128732,Employed,197821,30/07/2014,Approved,,,,,
12/06/2021,428,4543566,6375469,Self-Employed,24610,06/01/2007,Denied,,,,,
13/06/2021,485,9309788,7535532,Self-Employed,491376,20/07/2014,Approved,,,,,
14/06/2021,520,8946192,2203649,Employed,309132,09/07/2003,Approved,,,,,
15/06/2021,516,3258317,9725591,Self-Employed,325068,30/06/2010,Denied,,,,,
16/06/2021,619,10608874,1812355,Employed,323583,14/03/2012,Denied,,,,,
17/06/2021,712,3111320,5197018,Employed,199082,22/04/2010,Denied,,,,,
18/06/2021,499,8963801,2724710,Self-Employed,465911,30/09/2013,Approved,,,,,
19/06/2021,838,8152876,8406145,Employed,220505,09/06/2008,Approved,,,,,
20/06/2021,625,13368548,844499,Unemployed,340623,27/09/2002,Approved,,,,,
21/06/2021,728,9158811,3812215,Employed,13581,19/02/2012,Approved,,,,,
23/06/2021,629,6447350,9311535,Unemployed,219199,11/01/2010,Denied,,,,,
24/06/2021,645,6868646,752689,Employed,443062,24/02/2008,Denied,,,,,
25/06/2021,796,14399847,8024408,Unemployed,285690,10/02/2005,Approved,,,,,
26/06/2021,502,9397681,6202347,Employed,118086,10/02/2000,Approved,,,,,
27/06/2021,475,5714500,3163594,Unemployed,235258,30/05/2001,Approved,,,,,
28/06/2021,452,13405878,4033666,Self-Employed,153758,22/12/2005,Denied,,,,,
29/06/2021,700,7474242,2908459,Employed,272665,14/07/2008,Approved,,,,,
30/06/2021,575,12847552,6762550,Employed,328847,17/05/2005,Approved,,,,,
01/07/2021,309,14637677,4583746,Employed,93126,05/12/2003,Approved,,,,,
02/07/2021,503,12918279,8430333,Unemployed,212657,11/06/2005,Approved,,,,,
03/07/2021,494,5558742,353761,Employed,369416,03/11/2007,Denied,,,,,
05/07/2021,426,3960031,7929210,Self-Employed,498063,14/05/2009,Denied,,,,,
06/07/2021,317,6530841,6389153,Unemployed,91554,14/11/2008,Approved,,,,,
07/07/2021,340,5766401,8337719,Unemployed,48491,14/05/2001,Denied,,,,,
08/07/2021,783,9319936,5759789,Employed,153706,12/04/2001,Denied,,,,,
09/07/2021,437,5551311,3914247,Unemployed,479717,29/01/2000,Denied,,,,,
10/07/2021,799,6807047,9888851,Employed,474644,02/05/2009,Denied,,,,,
11/07/2021,728,9537222,7106950,Unemployed,348912,05/04/2011,Denied,,,,,
12/07/2021,421,9186574,2579960,Unemployed,410495,19/08/2012,Approved,,,,,
13/07/2021,439,14605864,9916008,Unemployed,37875,05/05/2003,Denied,,,,,
14/07/2021,673,12892274,8742606,Employed,219970,02/04/2005,Denied,,,,,
16/07/2021,362,3796346,724745,Employed,233274,02/06/2013,Approved,,,,,
17/07/2021,518,13594726,7061533,Unemployed,294207,05/12/2000,Denied,,,,,
18/07/2021,573,11488137,7721106,Employed,265339,23/03/2011,Denied,,,,,
19/07/2021,833,7273741,8617149,Employed,333048,04/01/2005,Approved,,,,,
20/07/2021,552,14353770,4806729,Self-Employed,303367,21/09/2010,Denied,,,,,
21/07/2021,464,5678362,2908542,Self-Employed,381751,19/07/2003,Denied,,,,,
22/07/2021,728,7822350,8641589,Unemployed,31308,06/09/2004,Denied,,,,,
23/07/2021,709,4591227,9722520,Employed,117884,31/08/2001,Denied,,,,,
24/07/2021,325,14840249,9859310,Unemployed,302264,21/09/2001,Approved,,,,,
25/07/2021,512,11634635,7889277,Self-Employed,187646,19/08/2007,Approved,,,,,
26/07/2021,519,12841780,7494901,Unemployed,328367,09/12/2007,Denied,,,,,
28/07/2021,459,7403765,2498387,Self-Employed,317513,22/10/2004,Denied,,,,,
29/07/2021,512,10686752,9554906,Employed,334895,08/12/2008,Denied,,,,,
30/07/2021,358,4020793,1564108,Self-Employed,264046,17/05/2015,Denied,,,,,
31/07/2021,631,12568962,8741996,Employed,437090,11/02/2008,Denied,,,,,
01/08/2021,399,3491153,1167575,Employed,420305,03/08/2005,Denied,,,,,
02/08/2021,468,10037987,524823,Employed,301641,05/08/2002,Denied,,,,,
03/08/2021,816,7238037,7945144,Self-Employed,79550,05/08/2002,Denied,,,,,
04/08/2021,746,12646108,9350458,Employed,10550,10/10/2013,Denied,,,,,
05/08/2021,311,11055207,962400,Unemployed,435626,17/05/2001,Approved,,,,,
06/08/2021,640,8783157,738190,Employed,396437,02/08/2013,Denied,,,,,
08/08/2021,437,3371654,2147901,Employed,138643,19/11/2002,Approved,,,,,
09/08/2021,553,12681238,495832,Self-Employed,64624,27/10/2004,Approved,,,,,
10/08/2021,393,10551048,93484,Unemployed,472688,13/02/2013,Denied,,,,,
11/08/2021,704,12439180,2848018,Self-Employed,200795,28/03/2014,Denied,,,,,
12/08/2021,413,8577022,701370,Employed,422412,04/10/2003,Denied,,,,,
13/08/2021,711,9898263,1834138,Unemployed,134227,11/03/2012,Denied,,,,,
14/08/2021,323,13696222,1357573,Unemployed,87874,17/04/2013,Approved,,,,,
15/08/2021,478,8067794,4998474,Employed,403442,25/05/2000,Denied,,,,,
16/08/2021,625,10817963,995079,Self-Employed,12724,16/07/2009,Approved,,,,,
17/08/2021,688,10572955,856769,Self-Employed,22190,01/11/2005,Approved,,,,,
18/08/2021,549,12257861,9022574,Employed,144329,20/01/2015,Denied,,,,,
20/08/2021,421,11925097,8604860,Unemployed,267117,15/06/2002,Approved,,,,,
21/08/2021,382,4687342,6076016,Self-Employed,162451,20/03/2015,Approved,,,,,
22/08/2021,741,6466085,7782517,Employed,263185,01/04/2009,Denied,,,,,
23/08/2021,760,5491521,5918585,Self-Employed,484293,13/05/2002,Denied,,,,,
24/08/2021,509,5829468,6395289,Employed,443536,14/02/2005,Denied,,,,,
25/08/2021,476,12090761,7595457,Self-Employed,136855,11/02/2005,Denied,,,,,
26/08/2021,451,6455587,4978155,Unemployed,157441,09/02/2010,Approved,,,,,
27/08/2021,807,8226412,8850387,Self-Employed,490891,24/05/2011,Approved,,,,,
28/08/2021,420,13508132,3689598,Employed,55983,16/12/2008,Approved,,,,,
29/08/2021,738,5823798,8316703,Self-Employed,17156,01/03/2004,Denied,,,,,
31/08/2021,362,3330605,2454955,Unemployed,449894,28/06/2002,Approved,,,,,
01/09/2021,486,12704051,8007086,Unemployed,416816,17/07/2001,Denied,,,,,
02/09/2021,426,7170839,9037496,Employed,100296,02/06/2012,Denied,,,,,
03/09/2021,471,6302481,1577414,Employed,432042,12/12/2009,Approved,,,,,
04/09/2021,515,10716216,1775870,Employed,416462,24/09/2007,Approved,,,,,
05/09/2021,416,9810111,5097296,Unemployed,126621,25/12/2007,Approved,,,,,
06/09/2021,813,11804428,3284510,Employed,487667,12/02/2012,Approved,,,,,
07/09/2021,431,5111284,1635288,Employed,415292,10/02/2006,Approved,,,,,
08/09/2021,828,9384675,1859263,Self-Employed,344817,23/07/2005,Denied,,,,,
09/09/2021,688,11610630,8135747,Unemployed,275917,24/05/2008,Approved,,,,,
10/09/2021,488,4964909,1070114,Self-Employed,285716,05/10/2002,Approved,,,,,
12/09/2021,804,4521672,6344667,Unemployed,319622,07/06/2003,Approved,,,,,
13/09/2021,683,12611796,2735586,Employed,297777,25/11/2014,Denied,,,,,
14/09/2021,485,14385464,7772005,Unemployed,35894,09/10/2003,Approved,,,,,
15/09/2021,661,14530052,6017096,Employed,470274,24/05/2011,Denied,,,,,
16/09/2021,842,9245305,8813110,Self-Employed,221656,11/04/2008,Denied,,,,,
17/09/2021,680,6311848,5487910,Employed,75514,26/10/2009,Approved,,,,,
18/09/2021,337,13174027,4723229,Employed,316702,10/04/2006,Approved,,,,,
19/09/2021,556,12856202,7621353,Unemployed,369015,29/08/2001,Approved,,,,,
20/09/2021,825,13892245,752892,Employed,37669,28/11/2005,Approved,,,,,
21/09/2021,329,8514626,7582890,Self-Employed,107831,20/04/2006,Denied,,,,,
23/09/2021,840,8626222,3004872,Self-Employed,400855,09/05/2007,Denied,,,,,
24/09/2021,640,4714652,5508421,Unemployed,316995,24/07/2001,Approved,,,,,
25/09/2021,354,3251425,5733025,Self-Employed,6278,18/01/2006,Approved,,,,,
26/09/2021,511,8629298,6905507,Self-Employed,400243,07/10/2014,Approved,,,,,
27/09/2021,774,14134042,533270,Self-Employed,53192,19/02/2012,Approved,,,,,
28/09/2021,302,8777984,8077076,Unemployed,241068,09/01/2014,Denied,,,,,
29/09/2021,452,3987089,2611252,Employed,7931,03/05/2002,Denied,,,,,
30/09/2021,415,5178326,3252188,Unemployed,411939,09/09/2015,Denied,,,,,
01/10/2021,640,6434531,2798083,Employed,269668,19/10/2012,Approved,,,,,
02/10/2021,430,12549688,3060848,Unemployed,428117,07/06/2008,Denied,,,,,
03/10/2021,475,3276718,5898648,Self-Employed,447295,18/11/2008,Approved,,,,,
05/10/2021,310,7347164,1051232,Self-Employed,303888,23/11/2011,Approved,,,,,
06/10/2021,666,14514587,1236974,Self-Employed,273683,20/07/2001,Approved,,,,,
07/10/2021,639,5160609,6296538,Unemployed,57854,24/12/2005,Approved,,,,,
08/10/2021,626,12482801,8782940,Employed,141897,02/05/2012,Approved,,,,,
09/10/2021,590,3734123,7184539,Unemployed,6343,22/11/2012,Denied,,,,,
10/10/2021,341,6643616,8856221,Unemployed,426192,03/02/2005,Denied,,,,,
11/10/2021,669,12904450,8496751,Employed,284266,24/12/2015,Approved,,,,,
12/10/2021,359,3149865,9224272,Unemployed,331904,08/08/2012,Denied,,,,,
13/10/2021,509,9113212,5505663,Employed,27016,10/02/2015,Denied,,,,,
14/10/2021,636,9591316,2334631,Employed,185764,08/12/2006,Denied,,,,,
16/10/2021,492,4040501,733845,Unemployed,340369,15/04/2008,Approved,,,,,
17/10/2021,607,12136885,8003146,Self-Employed,103749,21/01/2010,Approved,,,,,
18/10/2021,783,8300108,1510116,Employed,127068,03/11/2002,Approved,,,,,
19/10/2021,655,14818965,298852,Unemployed,346382,16/02/2006,Denied,,,,,
20/10/2021,384,12199880,6112694,Unemployed,154267,26/01/2012,Denied,,,,,
21/10/2021,399,13037715,7594276,Employed,183241,29/04/2014,Approved,,,,,
22/10/2021,444,7084186,4593140,Self-Employed,417905,17/05/2005,Approved,,,,,
23/10/2021,414,3973009,3371457,Self-Employed,350056,23/05/2005,Denied,,,,,
24/10/2021,702,13402345,4943333,Employed,237561,22/03/2000,Denied,,,,,
25/10/2021,326,13221997,6680605,Employed,42874,22/12/2005,Approved,,,,,
26/10/2021,612,5459326,5664756,Unemployed,206510,28/12/2003,Approved,,,,,
28/10/2021,477,9109169,1936590,Self-Employed,354421,12/09/2011,Approved,,,,,
29/10/2021,829,12592708,738641,Self-Employed,39893,28/12/2009,Denied,,,,,
30/10/2021,828,12153164,9772178,Employed,66387,17/06/2010,Denied,,,,,
31/10/2021,489,10547481,8758351,Employed,150085,13/06/2005,Approved,,,,,
01/11/2021,448,8204204,189195,Unemployed,277021,26/12/2003,Denied,,,,,
02/11/2021,331,12074222,6399658,Self-Employed,86406,19/07/2001,Approved,,,,,
03/11/2021,423,8211805,4413720,Self-Employed,158777,27/01/2001,Approved,,,,,
04/11/2021,540,14883891,4507963,Employed,98206,11/10/2007,Approved,,,,,
05/11/2021,768,5476543,7207080,Self-Employed,380939,04/01/2005,Approved,,,,,
06/11/2021,535,6675335,648679,Unemployed,68066,02/12/2009,Approved,,,,,
08/11/2021,774,8635424,9284187,Employed,206836,01/05/2002,Approved,,,,,
09/11/2021,594,4389021,4819748,Unemployed,305218,11/11/2000,Approved,,,,,
10/11/2021,344,9115184,6489968,Self-Employed,381961,25/02/2012,Approved,,,,,
11/11/2021,807,8023842,2602796,Unemployed,388212,24/04/2006,Denied,,,,,
12/11/2021,391,7094872,2571102,Unemployed,201367,09/10/2003,Approved,,,,,
13/11/2021,545,7008045,2108692,Self-Employed,253743,28/02/2001,Approved,,,,,
14/11/2021,413,8492333,8317121,Unemployed,109259,26/02/2005,Approved,,,,,
15/11/2021,760,14005500,6301356,Self-Employed,259946,31/03/2004,Denied,,,,,
16/11/2021,339,8032108,1365330,Self-Employed,116377,20/04/2008,Approved,,,,,
17/11/2021,732,11248702,2159995,Self-Employed,290533,17/06/2002,Approved,,,,,
18/11/2021,366,6274871,8872208,Employed,365822,08/03/2003,Denied,,,,,
20/11/2021,470,6708835,4619063,Employed,349317,14/05/2006,Denied,,,,,
21/11/2021,797,9270538,7508683,Unemployed,410564,18/02/2003,Denied,,,,,
22/11/2021,572,14313559,2269188,Self-Employed,94073,06/05/2015,Denied,,,,,
23/11/2021,529,13236365,4865458,Self-Employed,36004,31/05/2014,Denied,,,,,
24/11/2021,510,10926801,981499,Self-Employed,459826,07/04/2001,Approved,,,,,
25/11/2021,541,10563230,3212871,Self-Employed,298438,13/07/2008,Denied,,,,,
26/11/2021,777,6773159,3466706,Self-Employed,58257,12/05/2013,Denied,,,,,
27/11/2021,640,14594224,4039710,Unemployed,128541,10/06/2006,Denied,,,,,
28/11/2021,400,6442734,9874247,Self-Employed,400806,17/06/2009,Denied,,,,,
29/11/2021,382,8174895,1045351,Self-Employed,190882,17/11/2012,Approved,,,,,
01/12/2021,424,7818074,296823,Self-Employed,178671,16/06/2013,Denied,,,,,
02/12/2021,344,10904021,2459296,Self-Employed,84027,19/04/2003,Denied,,,,,
03/12/2021,557,12715405,9670352,Unemployed,298662,06/07/2002,Approved,,,,,
04/12/2021,830,3657571,9391218,Unemployed,273613,29/09/2009,Denied,,,,,
05/12/2021,728,4466830,5285924,Self-Employed,238597,21/08/2005,Approved,,,,,
06/12/2021,654,12276916,7683315,Self-Employed,254680,19/03/2008,Approved,,,,,
07/12/2021,803,4382843,5152793,Self-Employed,282233,03/09/2006,Approved,,,,,
08/12/2021,408,14901927,2180805,Employed,77354,14/02/2005,Approved,,,,,
09/12/2021,459,9918438,6876196,Employed,234482,17/09/2014,Denied,,,,,
10/12/2021,433,8793987,9256128,Self-Employed,405346,04/07/2012,Approved,,,,,
11/12/2021,301,4081700,8440707,Employed,394033,23/02/2009,Denied,,,,,
13/12/2021,655,10951500,8566351,Unemployed,267514,18/01/2000,Approved,,,,,
14/12/2021,647,8101965,1274403,Employed,319888,03/01/2012,Approved,,,,,
15/12/2021,667,11972424,7959117,Self-Employed,381399,06/11/2000,Denied,,,,,
16/12/2021,720,10900843,100662,Self-Employed,112409,06/05/2013,Approved,,,,,
17/12/2021,775,13177805,5291514,Employed,411941,18/07/2012,Approved,,,,,
18/12/2021,791,11749420,4559572,Unemployed,382852,22/01/2009,Denied,,,,,
19/12/2021,458,12044407,2316652,Unemployed,58967,08/01/2003,Denied,,,,,
20/12/2021,343,14839255,7173207,Unemployed,318769,15/11/2013,Denied,,,,,
21/12/2021,566,12785914,8666316,Unemployed,339085,06/01/2009,Denied,,,,,
22/12/2021,755,7362082,7477629,Self-Employed,337711,08/08/2007,Approved,,,,,
24/12/2021,567,3449120,4088946,Self-Employed,109828,02/12/2008,Denied,,,,,
25/12/2021,362,6809967,5068605,Self-Employed,142970,01/04/2000,Denied,,,,,
26/12/2021,563,4328640,845597,Unemployed,306311,23/01/2000,Denied,,,,,
27/12/2021,320,6928518,710945,Unemployed,162075,30/07/2014,Approved,,,,,
28/12/2021,333,7458075,9829155,Self-Employed,177394,09/07/2014,Denied,,,,,
29/12/2021,429,3414517,9867160,Self-Employed,461253,18/12/2010,Denied,,,,,
30/12/2021,618,7698544,2941334,Employed,187720,25/06/2015,Denied,,,,,
31/12/2021,513,8302215,6415235,Employed,101422,09/02/2010,Denied,,,,,
01/01/2022,630,10653802,418514,Unemployed,168283,19/03/2015,Approved,,,,,
02/01/2022,434,14733882,6865998,Employed,446251,23/11/2007,Approved,,,,,
03/01/2022,453,3317388,4958852,Employed,489858,03/03/2000,Denied,,,,,
05/01/2022,740,14141586,7713215,Employed,143452,11/02/2009,Approved,,,,,
06/01/2022,822,6083487,9862159,Employed,254393,27/11/2015,Denied,,,,,
07/01/2022,798,10981720,1095996,Unemployed,112036,16/11/2011,Denied,,,,,
08/01/2022,829,14951448,1240746,Unemployed,387647,20/04/2013,Denied,,,,,
09/01/2022,374,7138221,6220266,Unemployed,439411,23/06/2007,Approved,,,,,
10/01/2022,594,3588371,9742849,Unemployed,14602,22/12/2006,Denied,,,,,
11/01/2022,675,8459059,8111821,Employed,103839,12/04/2006,Denied,,,,,
12/01/2022,835,7669757,7829334,Self-Employed,214694,25/03/2001,Approved,,,,,
13/01/2022,699,12072191,1800788,Self-Employed,198505,15/07/2000,Denied,,,,,
14/01/2022,579,7129113,9745026,Employed,17214,18/03/2005,Approved,,,,,
15/01/2022,466,9910833,525536,Employed,340863,30/03/2006,Approved,,,,,
17/01/2022,468,6097726,8087536,Employed,282546,18/06/2004,Approved,,,,,
18/01/2022,351,14135424,2625919,Unemployed,143462,03/03/2003,Approved,,,,,
19/01/2022,357,8565925,7607546,Self-Employed,28498,21/07/2010,Approved,,,,,
20/01/2022,564,5023040,8239222,Employed,81607,23/08/2008,Denied,,,,,
21/01/2022,520,10566427,764411,Unemployed,440370,24/10/2005,Approved,,,,,
22/01/2022,760,7000409,4671824,Unemployed,181059,20/06/2003,Denied,,,,,
23/01/2022,725,4549256,2337571,Employed,383247,30/03/2013,Approved,,,,,
24/01/2022,690,4773276,822165,Self-Employed,361644,17/09/2006,Denied,,,,,
25/01/2022,832,5839837,8171623,Unemployed,266609,15/02/2002,Approved,,,,,
26/01/2022,450,8697641,2948311,Employed,173480,09/08/2009,Denied,,,,,
28/01/2022,780,7045131,6252518,Self-Employed,317333,01/04/2011,Approved,,,,,
29/01/2022,542,12303421,8449561,Employed,27783,03/01/2010,Denied,,,,,
30/01/2022,695,5890221,9139524,Employed,286504,12/07/2000,Denied,,,,,
31/01/2022,485,11516047,1987498,Unemployed,347542,30/08/2003,Denied,,,,,
01/02/2022,508,12930126,128703,Self-Employed,478777,07/01/2006,Denied,,,,,
02/02/2022,453,10198065,2632295,Employed,147770,27/09/2015,Approved,,,,,
03/02/2022,406,9204024,3522114,Unemployed,486734,23/05/2007,Denied,,,,,
04/02/2022,732,3050815,5825476,Unemployed,483284,26/12/2000,Approved,,,,,
05/02/2022,309,14700851,8787091,Employed,325357,28/11/2007,Denied,,,,,
06/02/2022,661,7296961,2771760,Employed,406021,10/03/2004,Denied,,,,,
07/02/2022,800,11702034,6158890,Self-Employed,459323,21/03/2009,Denied,,,,,
09/02/2022,732,10257615,8799161,Self-Employed,336714,28/07/2014,Approved,,,,,
10/02/2022,677,3761079,7014388,Employed,268619,30/04/2008,Denied,,,,,
11/02/2022,353,6901633,579173,Unemployed,24352,30/03/2014,Approved,,,,,
12/02/2022,312,5109125,2770171,Employed,58585,28/04/2007,Denied,,,,,
13/02/2022,313,12625396,1556513,Unemployed,445641,20/10/2008,Approved,,,,,
14/02/2022,358,11084390,6234702,Unemployed,138118,31/05/2011,Approved,,,,,
15/02/2022,687,4053645,5596286,Self-Employed,33245,21/03/2011,Approved,,,,,
16/02/2022,664,10891708,2288868,Self-Employed,84665,03/03/2015,Approved,,,,,
17/02/2022,720,12690453,8762070,Unemployed,309351,30/05/2009,Approved,,,,,
18/02/2022,303,8756199,9778749,Self-Employed,105508,08/06/2004,Approved,,,,,
20/02/2022,391,8177820,2372829,Self-Employed,174394,19/07/2001,Denied,,,,,
21/02/2022,432,11859982,6303233,Self-Employed,100530,23/02/2002,Denied,,,,,
22/02/2022,724,5474275,5697646,Unemployed,307567,07/09/2005,Denied,,,,,
23/02/2022,581,13412587,3194983,Employed,261498,18/05/2007,Denied,,,,,
24/02/2022,580,6462913,7077459,Self-Employed,407593,12/04/2012,Denied,,,,,
25/02/2022,717,12806412,6725572,Employed,42687,24/02/2006,Approved,,,,,
26/02/2022,755,3157701,2829874,Employed,52857,28/11/2015,Approved,,,,,
27/02/2022,722,11431784,9714583,Employed,276234,08/09/2003,Approved,,,,,
28/02/2022,513,9772192,8043476,Unemployed,366636,25/01/2003,Approved,,,,,
01/03/2022,822,10498893,958825,Unemployed,82987,30/11/2014,Denied,,,,,
02/03/2022,800,8835394,2963936,Unemployed,187479,26/11/2010,Denied,,,,,
04/03/2022,838,4976219,8883836,Unemployed,316334,14/11/2008,Approved,,,,,
05/03/2022,304,13621557,2356030,Unemployed,90152,24/04/2004,Denied,,,,,
06/03/2022,796,12229823,192412,Employed,492806,13/06/2007,Approved,,,,,
07/03/2022,351,6087701,3560545,Self-Employed,45487,27/11/2010,Approved,,,,,
08/03/2022,359,12967765,8993910,Employed,410701,08/03/2015,Denied,,,,,
09/03/2022,635,12344541,6322687,Employed,413648,16/07/2008,Denied,,,,,
10/03/2022,678,14415253,4948468,Unemployed,306094,27/01/2001,Denied,,,,,
11/03/2022,699,6949876,9654282,Self-Employed,13996,17/01/2007,Denied,,,,,
12/03/2022,655,3967804,5114305,Self-Employed,422291,21/09/2002,Denied,,,,,
13/03/2022,394,5334474,6903702,Unemployed,342199,13/05/2011,Approved,,,,,
15/03/2022,651,3481587,9517882,Employed,385220,26/05/2011,Approved,,,,,
16/03/2022,813,3251628,6003525,Self-Employed,263180,15/11/2011,Denied,,,,,
17/03/2022,560,12648959,4022305,Self-Employed,250654,10/10/2000,Denied,,,,,
18/03/2022,564,3019496,7131216,Self-Employed,419915,03/09/2009,Approved,,,,,
19/03/2022,707,14576379,5984574,Employed,466535,19/03/2001,Denied,,,,,
20/03/2022,627,5504379,9135064,Employed,407414,23/06/2003,Denied,,,,,
21/03/2022,728,6439553,1928899,Unemployed,274827,01/09/2004,Denied,,,,,
22/03/2022,638,6669954,8250383,Employed,219125,05/01/2012,Approved,,,,,
23/03/2022,380,13126450,6543671,Employed,371913,10/09/2003,Approved,,,,,
24/03/2022,559,10989862,4427427,Employed,247373,17/08/2010,Approved,,,,,
25/03/2022,557,5496641,7390619,Unemployed,149920,14/12/2014,Approved,,,,,
27/03/2022,330,8310908,1957850,Employed,492481,30/07/2003,Denied,,,,,
28/03/2022,705,9053862,3575754,Employed,188210,05/01/2003,Approved,,,,,
29/03/2022,781,7570629,799575,Employed,28046,16/07/2003,Approved,,,,,
30/03/2022,609,3411528,2421733,Self-Employed,215575,11/06/2007,Approved,,,,,
31/03/2022,308,4157041,8407646,Unemployed,125257,15/09/2003,Denied,,,,,
01/04/2022,731,13767900,9364399,Employed,301006,05/03/2010,Approved,,,,,
02/04/2022,565,11431809,5277683,Employed,299585,22/05/2003,Approved,,,,,
03/04/2022,517,11621889,2109445,Unemployed,25458,28/05/2013,Denied,,,,,
04/04/2022,553,5509238,2382619,Employed,376000,14/10/2006,Denied,,,,,
05/04/2022,849,12784157,6040305,Self-Employed,294628,11/07/2002,Approved,,,,,
07/04/2022,818,5454535,5803868,Employed,166415,08/07/2010,Approved,,,,,
08/04/2022,839,14929463,6380112,Self-Employed,256009,02/08/2014,Denied,,,,,
09/04/2022,634,6738266,8664268,Self-Employed,81980,17/04/2003,Denied,,,,,
10/04/2022,846,13781048,926194,Employed,306759,29/06/2014,Approved,,,,,
11/04/2022,456,8463947,359929,Employed,436447,28/04/2009,Approved,,,,,
12/04/2022,437,14440867,2145492,Self-Employed,249827,04/04/2000,Denied,,,,,
13/04/2022,321,11030196,9023124,Unemployed,180192,05/08/2006,Denied,,,,,
14/04/2022,532,11712588,2582070,Self-Employed,161250,26/02/2013,Approved,,,,,
15/04/2022,410,10014441,691562,Self-Employed,287484,19/08/2012,Denied,,,,,
16/04/2022,534,4339280,1340986,Employed,56435,24/01/2010,Approved,,,,,
17/04/2022,607,4317384,5998687,Self-Employed,77344,19/03/2002,Denied,,,,,
19/04/2022,377,14007802,5731501,Unemployed,490736,06/02/2000,Approved,,,,,
20/04/2022,809,10790796,5702892,Unemployed,394349,29/07/2009,Approved,,,,,
21/04/2022,711,11172026,2331880,Self-Employed,222283,29/09/2003,Approved,,,,,
22/04/2022,398,13130203,3158451,Unemployed,499735,11/11/2000,Approved,,,,,
23/04/2022,477,4480981,3977625,Employed,476098,24/08/2015,Approved,,,,,
24/04/2022,754,11626378,2112781,Self-Employed,343236,14/05/2001,Denied,,,,,
25/04/2022,414,11751461,8016718,Self-Employed,284650,15/08/2009,Approved,,,,,
26/04/2022,472,6031761,7231378,Self-Employed,497753,05/11/2011,Approved,,,,,
27/04/2022,412,10643606,5329369,Employed,175711,16/11/2003,Denied,,,,,
28/04/2022,661,13857370,5413372,Unemployed,448176,28/11/2004,Denied,,,,,
30/04/2022,410,3918413,6401998,Unemployed,37617,05/07/2003,Denied,,,,,
01/05/2022,707,9541018,8190515,Employed,79654,30/03/2014,Approved,,,,,
02/05/2022,754,11224950,7472463,Unemployed,326859,23/04/2001,Denied,,,,,
03/05/2022,717,13807224,7616390,Employed,437030,31/07/2005,Denied,,,,,
04/05/2022,788,13349573,5455902,Unemployed,47348,15/01/2000,Approved,,,,,
05/05/2022,476,6092992,450371,Unemployed,75790,26/09/2004,Denied,,,,,
06/05/2022,353,5787307,8789046,Unemployed,70580,30/11/2006,Approved,,,,,
07/05/2022,702,6962425,2868653,Self-Employed,247785,26/09/2010,Approved,,,,,
08/05/2022,735,7275616,2714416,Self-Employed,200531,07/06/2000,Approved,,,,,
09/05/2022,645,6461510,4311173,Self-Employed,116354,14/11/2007,Denied,,,,,
10/05/2022,704,13155976,5468638,Unemployed,433593,21/11/2001,Denied,,,,,
12/05/2022,511,12523095,5896047,Self-Employed,493936,24/09/2002,Denied,,,,,
13/05/2022,426,12032925,8957761,Unemployed,113972,20/08/2015,Approved,,,,,
14/05/2022,673,9903583,7733045,Employed,205616,12/01/2014,Denied,,,,,
15/05/2022,604,10716783,3652852,Self-Employed,196132,27/06/2005,Denied,,,,,
16/05/2022,720,14796517,5808007,Unemployed,77068,16/02/2006,Denied,,,,,
17/05/2022,646,13933903,4203036,Unemployed,44660,15/08/2010,Denied,,,,,
18/05/2022,767,12376836,7593593,Employed,364505,30/04/2011,Approved,,,,,
19/05/2022,658,7906945,446769,Self-Employed,92643,17/11/2012,Approved,,,,,
20/05/2022,810,11362935,5316094,Self-Employed,275743,14/12/2013,Approved,,,,,
21/05/2022,372,3251339,8248708,Self-Employed,321759,12/07/2004,Approved,,,,,
23/05/2022,848,6536869,4233942,Employed,287065,17/05/2006,Approved,,,,,
24/05/2022,401,8166166,9341809,Self-Employed,472373,24/10/2012,Approved,,,,,
25/05/2022,386,13355336,2180063,Employed,282615,15/06/2015,Denied,,,,,
26/05/2022,313,3881049,609663,Unemployed,375962,13/09/2014,Denied,,,,,
27/05/2022,832,10928674,4732890,Employed,482340,27/05/2010,Denied,,,,,
28/05/2022,832,4423934,2131392,Self-Employed,377878,02/12/2014,Approved,,,,,
29/05/2022,636,4476558,310205,Unemployed,207979,14/03/2006,Approved,,,,,
30/05/2022,770,5268358,6219690,Self-Employed,266863,19/08/2006,Approved,,,,,
31/05/2022,748,8433193,1606116,Unemployed,407629,24/08/2005,Approved,,,,,
01/06/2022,724,7526809,485191,Self-Employed,213392,02/02/2014,Approved,,,,,
02/06/2022,716,13949564,3559041,Unemployed,186448,13/02/2006,Approved,,,,,
04/06/2022,441,10288050,9749324,Self-Employed,313639,08/04/2006,Denied,,,,,
05/06/2022,369,11663044,6369928,Unemployed,399302,09/01/2013,Denied,,,,,
06/06/2022,627,9893444,9522289,Self-Employed,340884,09/08/2010,Approved,,,,,
07/06/2022,457,13626723,4794510,Self-Employed,430723,12/07/2000,Approved,,,,,
08/06/2022,517,13110531,7755025,Employed,284955,18/04/2001,Denied,,,,,
09/06/2022,406,3404145,9695391,Unemployed,126897,19/04/2004,Denied,,,,,
10/06/2022,433,6905363,2965227,Unemployed,112481,19/03/2010,Denied,,,,,
11/06/2022,651,7090566,1493964,Employed,285430,24/06/2011,Approved,,,,,
12/06/2022,785,12035038,3632648,Employed,444752,18/02/2006,Approved,,,,,
13/06/2022,661,10528365,4479183,Self-Employed,221008,17/03/2013,Approved,,,,,
15/06/2022,506,8632487,8174825,Self-Employed,263380,26/06/2000,Denied,,,,,
16/06/2022,731,12372199,3903693,Self-Employed,130531,20/05/2001,Approved,,,,,
17/06/2022,432,14554274,1094059,Employed,363409,27/12/2005,Approved,,,,,
18/06/2022,571,7795754,6860240,Unemployed,349812,03/07/2002,Denied,,,,,
19/06/2022,785,10847572,853572,Self-Employed,498138,21/09/2010,Approved,,,,,
20/06/2022,819,6765028,5430660,Employed,334119,11/03/2014,Denied,,,,,
21/06/2022,646,13562281,6051596,Self-Employed,319038,09/12/2005,Approved,,,,,
22/06/2022,592,14588975,3245635,Unemployed,520,29/07/2009,Approved,,,,,
23/06/2022,792,14042702,9941358,Self-Employed,38385,30/08/2011,Approved,,,,,
24/06/2022,656,3596560,6539829,Self-Employed,300285,25/06/2009,Approved,,,,,
25/06/2022,841,10935994,3903181,Unemployed,5997,03/12/2012,Denied,,,,,
27/06/2022,845,5380475,7791012,Unemployed,246001,13/10/2008,Approved,,,,,
28/06/2022,832,14697533,9487633,Self-Employed,336939,14/07/2010,Approved,,,,,
29/06/2022,718,13444002,4558484,Employed,187661,25/05/2015,Denied,,,,,
30/06/2022,847,4111948,2361010,Unemployed,317533,31/01/2005,Approved,,,,,
01/07/2022,664,4786718,4478997,Unemployed,105261,01/03/2004,Approved,,,,,
02/07/2022,573,5626380,5514845,Unemployed,483497,05/04/2004,Approved,,,,,
03/07/2022,614,5085651,8483605,Employed,436231,10/04/2001,Approved,,,,,
04/07/2022,363,9254886,8259304,Unemployed,187249,08/03/2008,Denied,,,,,
05/07/2022,438,3644111,3060426,Unemployed,120434,30/06/2011,Denied,,,,,
06/07/2022,464,4085863,7100748,Self-Employed,24730,09/08/2008,Denied,,,,,
08/07/2022,319,11320960,5797626,Employed,387259,18/08/2009,Approved,,,,,
09/07/2022,722,6064674,9419722,Unemployed,139973,09/11/2015,Approved,,,,,
10/07/2022,684,4589970,6028229,Self-Employed,190452,01/11/2006,Denied,,,,,
11/07/2022,495,13853296,8525735,Unemployed,201927,11/04/2002,Denied,,,,,
12/07/2022,630,10128176,7029203,Self-Employed,40414,06/05/2006,Approved,,,,,
13/07/2022,454,11669755,7243908,Self-Employed,101370,09/09/2004,Approved,,,,,
14/07/2022,834,7428722,9931018,Employed,422438,02/11/2005,Approved,,,,,
15/07/2022,814,5909920,7877490,Employed,207567,05/11/2000,Approved,,,,,
16/07/2022,757,6186677,7455700,Self-Employed,140701,05/12/2000,Denied,,,,,
17/07/2022,511,4491335,8091691,Unemployed,163463,09/05/2003,Denied,,,,,
18/07/2022,683,7986777,8966869,Employed,58663,17/03/2004,Denied,,,,,
20/07/2022,776,6173559,9933827,Self-Employed,101784,09/11/2001,Denied,,,,,
21/07/2022,383,9381315,4061266,Unemployed,287351,06/01/2008,Approved,,,,,
22/07/2022,731,8435895,5552025,Self-Employed,39643,26/02/2014,Denied,,,,,
23/07/2022,382,3347127,5275343,Self-Employed,54777,19/05/2009,Approved,,,,,
24/07/2022,818,13798191,3284434,Employed,237188,13/03/2003,Approved,,,,,
25/07/2022,740,7394879,3277157,Self-Employed,170276,14/06/2002,Approved,,,,,
26/07/2022,306,5046695,1854330,Employed,187121,27/11/2014,Denied,,,,,
27/07/2022,619,5450956,8746006,Employed,232871,07/10/2001,Denied,,,,,
28/07/2022,319,3824408,1416278,Unemployed,172655,29/12/2002,Denied,,,,,
29/07/2022,714,8087740,3787307,Employed,20718,21/06/2005,Denied,,,,,
31/07/2022,703,4540226,3064633,Self-Employed,90718,15/02/2007,Denied,,,,,
01/08/2022,570,3249336,8388906,Unemployed,31017,28/07/2004,Approved,,,,,
02/08/2022,415,6848531,581957,Employed,63482,01/07/2000,Denied,,,,,
03/08/2022,767,6833778,3231482,Self-Employed,252843,25/12/2005,Denied,,,,,
04/08/2022,320,10104992,4928620,Self-Employed,277150,28/05/2015,Denied,,,,,
05/08/2022,670,11930571,9326026,Unemployed,312567,16/12/2014,Approved,,,,,
06/08/2022,736,14023467,5386295,Employed,259230,05/10/2014,Approved,,,,,
07/08/2022,545,13611577,5740327,Unemployed,111794,07/12/2008,Denied,,,,,
08/08/2022,354,6466408,8468426,Unemployed,194092,26/04/2007,Denied,,,,,
09/08/2022,387,9173865,8116757,Employed,411246,13/12/2008,Approved,,,,,
10/08/2022,430,9057416,6697354,Employed,257524,30/01/2011,Approved,,,,,
12/08/2022,727,12515107,6319923,Unemployed,339433,01/07/2007,Denied,,,,,
13/08/2022,367,13301949,5917729,Self-Employed,318568,19/06/2008,Approved,,,,,
14/08/2022,748,12843942,2670969,Unemployed,232376,16/02/2012,Approved,,,,,
15/08/2022,524,8088279,3987497,Employed,20250,12/12/2004,Approved,,,,,
16/08/2022,441,13376483,4463009,Unemployed,477855,13/01/2010,Approved,,,,,
17/08/2022,826,11876660,1904095,Employed,457804,30/05/2014,Denied,,,,,
18/08/2022,363,11475278,3712338,Employed,337988,04/08/2000,Denied,,,,,
19/08/2022,828,8549971,6343720,Unemployed,474591,29/11/2001,Approved,,,,,
20/08/2022,828,11395709,7067694,Unemployed,45069,15/07/2004,Approved,,,,,
21/08/2022,703,7111378,6388833,Unemployed,127504,15/10/2015,Denied,,,,,
23/08/2022,645,5553810,3625313,Unemployed,384502,03/04/2008,Denied,,,,,
24/08/2022,538,8407030,1774758,Unemployed,288563,03/12/2014,Approved,,,,,
25/08/2022,730,12919589,3956867,Employed,188941,17/11/2014,Approved,,,,,
26/08/2022,639,4040650,3063358,Self-Employed,492695,23/02/2015,Approved,,,,,
27/08/2022,827,13008335,4302095,Unemployed,437896,27/05/2000,Denied,,,,,
28/08/2022,484,9172399,7608937,Self-Employed,241226,08/03/2003,Approved,,,,,
29/08/2022,692,8697033,5967571,Unemployed,101337,13/12/2014,Denied,,,,,
30/08/2022,541,9617156,3148651,Employed,444427,30/04/2000,Denied,,,,,
31/08/2022,413,3203321,7406375,Self-Employed,312088,16/06/2010,Approved,,,,,
01/09/2022,314,4604130,2985116,Employed,477310,22/06/2010,Approved,,,,,
02/09/2022,715,11795188,4841029,Self-Employed,115931,24/09/2002,Approved,,,,,
04/09/2022,400,3622927,2499856,Unemployed,163057,29/03/2001,Denied,,,,,
05/09/2022,434,14832757,155728,Employed,247377,28/11/2013,Denied,,,,,
06/09/2022,559,12852312,2435559,Employed,188682,24/04/2006,Denied,,,,,
07/09/2022,495,5707047,8399405,Employed,356191,11/08/2005,Approved,,,,,
08/09/2022,756,11288678,9901365,Employed,480524,31/07/2006,Approved,,,,,
09/09/2022,714,6869935,8350795,Employed,377998,13/06/2006,Denied,,,,,
10/09/2022,750,9506347,205965,Self-Employed,491997,06/02/2006,Denied,,,,,
11/09/2022,647,5005415,1283694,Employed,372745,23/06/2014,Denied,,,,,
12/09/2022,394,7912023,6425313,Employed,376776,06/11/2000,Approved,,,,,
13/09/2022,475,11396034,4851108,Self-Employed,268505,20/12/2010,Denied,,,,,
15/09/2022,520,8274969,460708,Unemployed,192349,17/10/2010,Denied,,,,,
16/09/2022,672,5508383,3035446,Unemployed,194227,19/07/2008,Denied,,,,,
17/09/2022,401,4520447,8042859,Unemployed,111556,01/07/2014,Denied,,,,,
18/09/2022,303,10992327,5693673,Unemployed,131227,02/02/2007,Approved,,,,,
19/09/2022,468,8457248,4548384,Self-Employed,23377,27/12/2005,Denied,,,,,
20/09/2022,347,14929716,6728017,Unemployed,455148,07/05/2004,Approved,,,,,
21/09/2022,397,9551890,3683110,Self-Employed,148450,08/03/2008,Approved,,,,,
22/09/2022,794,13922615,2555218,Unemployed,452416,09/11/2007,Denied,,,,,
23/09/2022,611,13750116,1264776,Unemployed,405148,19/04/2003,Approved,,,,,
24/09/2022,731,7055960,6764212,Employed,203200,12/09/2004,Approved,,,,,
25/09/2022,691,11676657,6140073,Unemployed,287208,11/07/2010,Approved,,,,,
27/09/2022,398,11258749,6889553,Employed,477835,01/12/2009,Denied,,,,,
28/09/2022,330,12816227,5530093,Unemployed,215958,15/06/2002,Approved,,,,,
29/09/2022,776,13263671,5316402,Employed,309418,07/05/2007,Denied,,,,,
30/09/2022,755,3801937,475660,Employed,403615,13/12/2002,Approved,,,,,
01/10/2022,784,9233393,8736344,Unemployed,197229,08/07/2011,Denied,,,,,
02/10/2022,834,7880068,9092141,Employed,166190,14/11/2008,Denied,,,,,
03/10/2022,513,9996883,6146297,Employed,475982,15/12/2000,Denied,,,,,
04/10/2022,400,10552513,5931011,Unemployed,78847,02/04/2005,Denied,,,,,
05/10/2022,795,5252281,2390587,Employed,132600,22/01/2013,Approved,,,,,
06/10/2022,344,11536158,447918,Employed,82459,20/06/2001,Approved,,,,,
08/10/2022,646,10071450,3934215,Unemployed,416406,22/02/2011,Approved,,,,,
09/10/2022,728,14170820,1973137,Unemployed,328120,28/04/2009,Denied,,,,,
10/10/2022,607,11998560,214627,Unemployed,84286,29/11/2011,Denied,,,,,
11/10/2022,519,11063315,4054163,Unemployed,456175,30/05/2009,Denied,,,,,
12/10/2022,773,11052290,3805211,Employed,478834,28/05/2007,Denied,,,,,
13/10/2022,525,8926033,383849,Employed,481875,01/04/2014,Denied,,,,,
14/10/2022,658,7894272,7410298,Unemployed,259731,10/10/2003,Approved,,,,,
15/10/2022,392,5295901,9436385,Self-Employed,138747,30/01/2008,Denied,,,,,
16/10/2022,653,13218838,3571491,Unemployed,42177,24/12/2006,Denied,,,,,
17/10/2022,332,5486085,2548914,Unemployed,390796,29/02/2000,Approved,,,,,
18/10/2022,537,13007140,7375969,Self-Employed,410200,18/03/2006,Denied,,,,,
20/10/2022,716,5892801,8315895,Self-Employed,223066,31/07/2005,Approved,,,,,
21/10/2022,370,3445749,2042758,Employed,227574,17/10/2011,Denied,,,,,
22/10/2022,768,11936733,5759088,Self-Employed,23074,19/10/2005,Approved,,,,,
23/10/2022,703,4468732,1241972,Employed,304303,16/05/2009,Approved,,,,,
24/10/2022,313,8679402,233804,Self-Employed,59999,20/04/2010,Approved,,,,,
25/10/2022,814,7144250,8737252,Unemployed,274243,13/08/2000,Approved,,,,,
26/10/2022,642,5726643,123331,Unemployed,13800,01/03/2015,Approved,,,,,
27/10/2022,469,6984973,2571799,Unemployed,244190,21/12/2000,Approved,,,,,
28/10/2022,478,6596922,4732815,Self-Employed,478812,18/09/2004,Denied,,,,,
29/10/2022,423,13643322,291496,Unemployed,404258,14/05/2001,Approved,,,,,
31/10/2022,614,8536047,7687007,Unemployed,482497,21/02/2013,Approved,,,,,
01/11/2022,445,11757256,1224906,Self-Employed,164904,30/09/2002,Approved,,,,,
02/11/2022,451,14958613,4925033,Unemployed,54891,01/10/2006,Denied,,,,,
03/11/2022,590,5101635,400164,Unemployed,257974,05/09/2003,Approved,,,,,
04/11/2022,333,12303871,7291572,Unemployed,404774,08/01/2011,Approved,,,,,
05/11/2022,750,3344724,8380276,Self-Employed,274489,15/02/2015,Approved,,,,,
06/11/2022,614,12468368,7736173,Employed,484842,20/01/2008,Denied,,,,,
07/11/2022,814,3407658,7263482,Self-Employed,386271,02/10/2010,Denied,,,,,
08/11/2022,694,6337112,2118316,Unemployed,219262,08/02/2015,Approved,,,,,
09/11/2022,690,11975784,6287575,Unemployed,143336,07/11/2012,Approved,,,,,
10/11/2022,408,9649661,6056597,Employed,59535,11/11/2015,Denied,,,,,
12/11/2022,835,12556049,1483919,Employed,260818,18/02/2002,Denied,,,,,
13/11/2022,452,9548071,5698215,Self-Employed,66707,11/06/2006,Approved,,,,,
14/11/2022,613,11940646,8104627,Unemployed,99423,17/05/2002,Approved,,,,,
15/11/2022,733,11449703,3601144,Unemployed,125683,27/10/2006,Denied,,,,,
16/11/2022,569,7678616,5858910,Unemployed,413283,02/09/2011,Approved,,,,,
17/11/2022,532,10381690,5750979,Employed,147279,26/07/2006,Denied,,,,,
18/11/2022,381,9691571,4894758,Unemployed,231572,22/09/2005,Denied,,,,,
19/11/2022,605,10529274,6522289,Self-Employed,257654,17/09/2012,Approved,,,,,
20/11/2022,334,3305293,620626,Self-Employed,247580,01/01/2008,Approved,,,,,
21/11/2022,499,11106361,4350337,Employed,445287,16/09/2002,Approved,,,,,
23/11/2022,603,9301238,7026205,Unemployed,387940,23/06/2003,Denied,,,,,
24/11/2022,526,4738034,9916940,Employed,360603,30/10/2010,Denied,,,,,
25/11/2022,551,10183093,7348134,Self-Employed,329996,07/11/2005,Approved,,,,,
26/11/2022,386,9561646,6115115,Unemployed,123146,04/02/2001,Approved,,,,,
27/11/2022,398,6702300,7125784,Unemployed,11304,17/11/2001,Approved,,,,,
28/11/2022,357,14214112,6492709,Unemployed,212424,30/07/2012,Denied,,,,,
29/11/2022,807,4668494,9918103,Employed,457895,12/04/2010,Approved,,,,,
30/11/2022,454,13244832,1700820,Self-Employed,53239,22/06/2008,Approved,,,,,
01/12/2022,518,5474752,5326885,Self-Employed,323008,04/09/2010,Denied,,,,,
02/12/2022,586,5746459,8825808,Unemployed,250858,04/09/2007,Approved,,,,,
03/12/2022,619,12598653,8328522,Unemployed,144276,06/04/2003,Approved,,,,,
05/12/2022,591,9500351,7441838,Unemployed,201001,08/06/2012,Denied,,,,,
06/12/2022,632,13488289,8529787,Unemployed,450912,08/10/2013,Denied,,,,,
07/12/2022,433,8325818,3440238,Unemployed,226174,15/06/2013,Approved,,,,,
08/12/2022,547,14682322,4259472,Unemployed,83697,21/03/2011,Denied,,,,,
09/12/2022,840,6192111,3481565,Unemployed,252600,02/09/2004,Denied,,,,,
10/12/2022,501,12466326,4270404,Self-Employed,178220,31/08/2007,Denied,,,,,
11/12/2022,496,6882784,3533935,Self-Employed,194203,03/12/2014,Approved,,,,,
12/12/2022,521,4275966,7054680,Employed,410051,08/12/2006,Approved,,,,,
13/12/2022,779,8343734,5338307,Unemployed,486758,06/09/2004,Approved,,,,,
14/12/2022,412,6779769,5544420,Unemployed,476713,18/06/2003,Denied,,,,,
16/12/2022,467,5370759,4701075,Unemployed,449997,04/07/2000,Approved,,,,,
17/12/2022,379,10883577,2788299,Self-Employed,371317,15/06/2013,Denied,,,,,
18/12/2022,658,6818553,450412,Employed,484880,12/12/2006,Denied,,,,,
19/12/2022,581,14308910,2414211,Unemployed,454040,14/07/2015,Denied,,,,,
20/12/2022,434,9391492,1992943,Employed,224360,05/05/2010,Denied,,,,,
21/12/2022,772,3245740,6356444,Employed,455168,24/06/2010,Approved,,,,,
22/12/2022,556,6795434,1940288,Employed,398446,09/09/2014,Approved,,,,,
23/12/2022,649,14554026,3480875,Self-Employed,221848,25/10/2005,Approved,,,,,
24/12/2022,771,4994192,2172601,Self-Employed,411526,12/10/2009,Denied,,,,,
25/12/2022,691,11694011,991716,Unemployed,89896,31/01/2015,Denied,,,,,
26/12/2022,533,8717213,3725580,Unemployed,251030,29/01/2005,Denied,,,,,
28/12/2022,587,14224741,5992204,Unemployed,286912,29/12/2003,Denied,,,,,
29/12/2022,519,3196530,2997373,Employed,401628,12/04/2013,Denied,,,,,
30/12/2022,635,8064381,2221105,Self-Employed,113808,14/11/2006,Approved,,,,,
31/12/2022,667,5446919,6226310,Self-Employed,399494,21/09/2003,Approved,,,,,
01/01/2023,730,12451378,4071838,Self-Employed,396553,17/09/2015,Denied,,,,,
02/01/2023,770,3616322,1273028,Unemployed,96612,15/03/2007,Approved,,,,,
03/01/2023,535,4009236,834875,Self-Employed,351689,30/11/2003,Denied,,,,,
04/01/2023,650,12118632,4829753,Self-Employed,288787,08/08/2000,Denied,,,,,
05/01/2023,844,10752439,9591423,Self-Employed,368376,01/09/2015,Approved,,,,,
06/01/2023,680,9209606,2709118,Unemployed,149421,18/12/2010,Denied,,,,,
07/01/2023,330,13075524,4656600,Unemployed,181173,02/11/2008,Denied,,,,,
09/01/2023,518,10156911,9742975,Employed,433387,21/03/2001,Denied,,,,,
10/01/2023,776,4434025,2120220,Employed,303729,13/02/2015,Denied,,,,,
11/01/2023,394,11216273,5776454,Self-Employed,4779,04/05/2012,Denied,,,,,
12/01/2023,750,3996327,9390695,Employed,109149,07/09/2003,Approved,,,,,
13/01/2023,636,7080963,814967,Self-Employed,459330,30/03/2015,Approved,,,,,
14/01/2023,741,11507418,964889,Employed,211631,09/07/2008,Approved,,,,,
15/01/2023,486,3389162,9530367,Employed,205130,03/01/2015,Approved,,,,,
16/01/2023,403,11648505,3318942,Employed,50140,14/09/2014,Approved,,,,,
17/01/2023,319,13390204,4796412,Unemployed,285296,03/07/2000,Approved,,,,,
18/01/2023,658,6070336,9695097,Unemployed,391020,07/03/2011,Denied,,,,,
20/01/2023,628,3147115,914011,Self-Employed,386234,22/06/2011,Denied,,,,,
21/01/2023,461,12593505,6186889,Self-Employed,325638,31/03/2012,Approved,,,,,
22/01/2023,819,10936514,1890233,Unemployed,234143,06/06/2001,Denied,,,,,
23/01/2023,462,7926652,4739684,Unemployed,179341,05/03/2010,Approved,,,,,
24/01/2023,347,7663228,4068640,Employed,410579,08/09/2014,Denied,,,,,
25/01/2023,720,3463889,2794511,Employed,36696,28/02/2003,Approved,,,,,
26/01/2023,346,10095154,9962865,Self-Employed,267548,20/04/2014,Approved,,,,,
27/01/2023,648,9391815,2496813,Self-Employed,483897,25/02/2012,Approved,,,,,
28/01/2023,488,3188040,422363,Employed,324735,16/08/2005,Approved,,,,,
29/01/2023,460,3447840,6372121,Unemployed,303742,24/03/2000,Approved,,,,,
30/01/2023,371,13625876,5431836,Self-Employed,346781,18/03/2008,Approved,,,,,
01/02/2023,379,5485437,9487450,Unemployed,159465,07/01/2005,Denied,,,,,
02/02/2023,308,8653368,7552937,Self-Employed,399835,17/12/2005,Approved,,,,,
03/02/2023,329,6013291,1356804,Self-Employed,6077,31/01/2014,Approved,,,,,
04/02/2023,450,10745297,874300,Employed,478478,19/01/2015,Denied,,,,,
05/02/2023,331,6049144,9898652,Employed,467712,23/10/2003,Denied,,,,,
06/02/2023,687,10489385,3269309,Employed,89353,31/08/2015,Denied,,,,,
07/02/2023,548,10226636,6042767,Employed,215907,30/03/2004,Denied,,,,,
08/02/2023,514,11454650,7996346,Employed,413369,05/08/2001,Denied,,,,,
09/02/2023,476,10001348,9796538,Employed,156365,05/04/2014,Approved,,,,,
10/02/2023,471,13382284,8202523,Unemployed,470094,08/08/2013,Denied,,,,,
12/02/2023,609,11886851,5103433,Employed,487658,20/08/2003,Approved,,,,,
13/02/2023,641,7870499,1183383,Self-Employed,158558,17/12/2006,Denied,,,,,
14/02/2023,492,10060413,4659133,Unemployed,39357,31/03/2011,Approved,,,,,
15/02/2023,820,12623242,6486387,Unemployed,39997,12/10/2000,Denied,,,,,
16/02/2023,618,13888783,8176279,Unemployed,274904,29/05/2010,Denied,,,,,
17/02/2023,448,13691652,4947972,Unemployed,107225,27/06/2008,Denied,,,,,
18/02/2023,491,11553431,1436147,Employed,168730,06/11/2005,Approved,,,,,
19/02/2023,382,6684106,9713447,Self-Employed,365827,30/09/2006,Denied,,,,,
20/02/2023,806,7094707,3156626,Self-Employed,72892,20/06/2011,Denied,,,,,
21/02/2023,837,11318404,7670165,Self-Employed,379674,11/04/2009,Denied,,,,,
22/02/2023,745,9043646,9186242,Unemployed,499363,21/02/2013,Denied,,,,,
24/02/2023,542,5515346,2084944,Employed,32491,13/02/2001,Approved,,,,,
25/02/2023,320,7828213,2759410,Employed,346750,05/09/2002,Denied,,,,,
26/02/2023,662,7504323,9033813,Employed,463771,08/03/2009,Approved,,,,,
27/02/2023,480,6053664,7775649,Unemployed,179628,01/12/2012,Denied,,,,,
28/02/2023,318,6654165,403032,Self-Employed,470462,31/10/2009,Approved,,,,,
01/03/2023,673,8990061,6938855,Employed,470273,05/02/2005,Approved,,,,,
02/03/2023,479,4543470,6343807,Self-Employed,448901,14/07/2000,Denied,,,,,
03/03/2023,737,3360241,4809960,Self-Employed,390128,10/01/2011,Approved,,,,,
04/03/2023,702,14480717,5338380,Unemployed,165180,01/04/2001,Denied,,,,,
05/03/2023,577,13636999,6402469,Employed,31047,21/03/2008,Approved,,,,,
07/03/2023,840,6764491,2397712,Employed,65928,11/10/2014,Approved,,,,,
08/03/2023,606,12995643,6850749,Employed,450496,15/08/2003,Approved,,,,,
09/03/2023,527,4298222,6879824,Employed,463941,23/11/2009,Denied,,,,,
10/03/2023,734,4818995,1539140,Self-Employed,155743,30/05/2006,Approved,,,,,
11/03/2023,447,11239773,2015099,Unemployed,442149,25/08/2003,Denied,,,,,
12/03/2023,824,3757808,6700172,Unemployed,418752,07/10/2001,Denied,,,,,
13/03/2023,777,4447329,7787019,Self-Employed,248386,25/02/2004,Denied,,,,,
14/03/2023,640,11513045,6120435,Unemployed,132414,19/07/2011,Denied,,,,,
15/03/2023,625,4649775,1382686,Self-Employed,267525,01/10/2010,Denied,,,,,
16/03/2023,824,9032083,2993376,Self-Employed,109664,18/04/2006,Approved,,,,,
17/03/2023,634,3840500,9338244,Unemployed,396155,10/07/2005,Denied,,,,,
19/03/2023,433,9548498,3101879,Employed,396312,24/09/2008,Approved,,,,,
20/03/2023,708,8001200,4054247,Self-Employed,36630,27/08/2013,Approved,,,,,
21/03/2023,668,3289482,7509694,Unemployed,372146,03/03/2003,Approved,,,,,
22/03/2023,720,6864414,1155702,Self-Employed,419120,09/07/2015,Approved,,,,,
23/03/2023,764,10199805,3053626,Self-Employed,57439,06/04/2011,Approved,,,,,
24/03/2023,550,5210233,6312439,Employed,419466,05/11/2011,Approved,,,,,
25/03/2023,583,8663856,3305298,Employed,465765,21/01/2009,Denied,,,,,
26/03/2023,681,7493017,9921863,Unemployed,314064,13/02/2013,Approved,,,,,
27/03/2023,356,7255133,139032,Employed,120982,26/02/2004,Approved,,,,,
28/03/2023,309,8197582,1113579,Self-Employed,351334,07/04/2007,Approved,,,,,
30/03/2023,643,9745441,3252185,Self-Employed,279382,03/06/2010,Approved,,,,,
31/03/2023,687,10029071,9721676,Unemployed,294700,21/08/2004,Denied,,,,,
01/04/2023,776,14168206,7249601,Unemployed,326009,15/04/2008,Denied,,,,,
02/04/2023,707,3061316,1595790,Employed,384369,25/02/2002,Approved,,,,,
03/04/2023,347,11515089,7245354,Unemployed,418293,26/08/2001,Approved,,,,,
04/04/2023,743,14512333,6853293,Employed,302204,14/04/2008,Approved,,,,,
05/04/2023,787,7114773,5132249,Unemployed,469011,22/07/2011,Approved,,,,,
06/04/2023,814,6280864,7682871,Unemployed,369752,27/10/2005,Approved,,,,,
07/04/2023,808,6639926,368445,Unemployed,13656,19/10/2004,Approved,,,,,
08/04/2023,491,13937713,7759190,Employed,273112,22/11/2002,Approved,,,,,
09/04/2023,572,14075232,3157593,Unemployed,9985,24/03/2015,Approved,,,,,
11/04/2023,836,14621545,2214892,Unemployed,283805,31/01/2014,Approved,,,,,
12/04/2023,484,10408069,2823896,Unemployed,77256,17/04/2015,Denied,,,,,
13/04/2023,417,8135120,7142295,Unemployed,18284,06/02/2002,Approved,,,,,
14/04/2023,484,12876914,3237002,Self-Employed,359774,10/08/2014,Denied,,,,,
15/04/2023,708,12928405,1802275,Employed,305830,10/04/2013,Denied,,,,,
16/04/2023,680,11981827,7077065,Self-Employed,183031,01/01/2013,Denied,,,,,
17/04/2023,392,9190023,4464088,Unemployed,448247,12/08/2010,Approved,,,,,
18/04/2023,748,10057568,9589774,Unemployed,45209,16/07/2008,Denied,,,,,
19/04/2023,803,4252553,8131617,Employed,134113,01/03/2007,Denied,,,,,
20/04/2023,833,7678362,6327359,Unemployed,152742,19/06/2004,Approved,,,,,
22/04/2023,461,11444474,4093298,Self-Employed,331423,04/06/2009,Denied,,,,,
23/04/2023,480,8813254,4465269,Employed,316870,06/01/2015,Approved,,,,,
24/04/2023,745,5095136,9516387,Employed,283274,24/12/2012,Denied,,,,,
25/04/2023,362,10704152,4240342,Unemployed,23683,20/04/2012,Approved,,,,,
26/04/2023,511,13103641,4675859,Self-Employed,159276,03/12/2001,Denied,,,,,
27/04/2023,716,11804894,2849390,Self-Employed,106768,29/07/2003,Denied,,,,,
28/04/2023,472,14137007,4116837,Unemployed,431632,09/05/2003,Denied,,,,,
29/04/2023,632,13864289,6962499,Unemployed,464133,18/06/2005,Approved,,,,,
30/04/2023,684,10454231,8559540,Self-Employed,240846,23/09/2005,Denied,,,,,
01/05/2023,800,12560730,1527559,Self-Employed,448904,12/06/2003,Denied,,,,,
02/05/2023,490,5022108,6343595,Unemployed,200854,09/09/2000,Approved,,,,,
04/05/2023,697,12936898,5361689,Unemployed,281174,15/08/2010,Denied,,,,,
05/05/2023,583,5099560,4707778,Unemployed,58237,24/04/2010,Approved,,,,,
06/05/2023,361,12490275,9922444,Employed,139702,11/09/2000,Approved,,,,,
07/05/2023,571,9998718,9664507,Self-Employed,107181,29/12/2002,Approved,,,,,
08/05/2023,824,10860690,7546204,Employed,364723,12/12/2010,Approved,,,,,
09/05/2023,342,14626681,408623,Unemployed,416843,10/05/2005,Denied,,,,,
10/05/2023,576,11308516,6111343,Employed,79814,18/02/2013,Denied,,,,,
11/05/2023,674,3844698,9398671,Self-Employed,178943,10/04/2000,Denied,,,,,
12/05/2023,776,8984799,4358550,Employed,308456,08/11/2003,Approved,,,,,
13/05/2023,405,8921146,4537804,Self-Employed,134814,28/12/2009,Denied,,,,,
15/05/2023,760,4318544,1575265,Unemployed,18971,04/01/2001,Denied,,,,,
16/05/2023,530,10442278,2247447,Unemployed,233619,16/09/2002,Approved,,,,,
17/05/2023,816,12486704,3875084,Self-Employed,497784,12/01/2007,Denied,,,,,
18/05/2023,501,3682223,6200305,Employed,387262,18/08/2006,Denied,,,,,
19/05/2023,724,5289829,8375261,Self-Employed,454360,24/07/2011,Approved,,,,,
20/05/2023,497,7454833,2391039,Self-Employed,372490,19/08/2007,Approved,,,,,
21/05/2023,766,5768120,2834753,Unemployed,291230,28/09/2011,Denied,,,,,
22/05/2023,830,14289320,2082854,Self-Employed,192631,05/12/2008,Denied,,,,,
23/05/2023,482,7128595,1643587,Self-Employed,428689,05/04/2007,Denied,,,,,
24/05/2023,813,10527620,3360043,Self-Employed,211706,16/12/2004,Approved,,,,,
25/05/2023,786,8421172,3719152,Unemployed,251827,01/05/2013,Approved,,,,,
27/05/2023,643,6984700,6370057,Unemployed,93384,24/12/2001,Approved,,,,,
28/05/2023,361,10020900,9010538,Self-Employed,462607,09/05/2014,Approved,,,,,
29/05/2023,720,6994668,6160390,Employed,243547,14/08/2004,Denied,,,,,
30/05/2023,602,3986229,3328499,Employed,343890,04/06/2015,Approved,,,,,
31/05/2023,302,7013791,497967,Self-Employed,120075,02/05/2004,Denied,,,,,
01/06/2023,308,11328984,1902571,Self-Employed,332237,28/07/2002,Approved,,,,,
02/06/2023,803,10195057,8385416,Unemployed,183340,04/08/2008,Denied,,,,,
03/06/2023,484,11729109,6544082,Employed,210014,19/05/2015,Denied,,,,,
04/06/2023,489,5223559,6116280,Self-Employed,365631,18/12/2013,Denied,,,,,
05/06/2023,534,8792153,3336811,Self-Employed,386642,17/03/2004,Approved,,,,,
07/06/2023,837,12154508,7518229,Unemployed,397127,17/08/2003,Denied,,,,,
08/06/2023,653,4951659,5094143,Self-Employed,186220,19/09/2001,Approved,,,,,
09/06/2023,616,10790126,5811812,Unemployed,274867,11/07/2008,Approved,,,,,
10/06/2023,663,3677243,8714424,Self-Employed,9390,14/07/2001,Approved,,,,,
11/06/2023,557,13819569,1263895,Employed,19924,18/11/2003,Denied,,,,,
12/06/2023,508,14549444,8021884,Unemployed,479721,28/11/2005,Approved,,,,,
13/06/2023,599,11188727,6771273,Unemployed,59040,01/11/2015,Denied,,,,,
14/06/2023,368,5023437,2759791,Self-Employed,420083,25/08/2001,Approved,,,,,
15/06/2023,313,14091293,5638880,Self-Employed,490453,18/02/2004,Approved,,,,,
16/06/2023,466,9912639,7933835,Employed,35632,29/08/2002,Denied,,,,,
17/06/2023,594,12042251,9044403,Unemployed,315615,12/06/2011,Denied,,,,,
19/06/2023,705,3293163,9821481,Unemployed,418325,21/06/2013,Approved,,,,,
20/06/2023,671,6258739,5247551,Unemployed,301219,25/03/2007,Denied,,,,,
21/06/2023,321,10406881,5067450,Self-Employed,375664,30/06/2003,Denied,,,,,
22/06/2023,646,13202506,8185339,Self-Employed,388978,19/03/2007,Denied,,,,,
23/06/2023,432,13028801,9068284,Unemployed,377930,18/06/2015,Approved,,,,,
24/06/2023,429,11715286,1014721,Self-Employed,356449,30/10/2006,Denied,,,,,
25/06/2023,642,8010292,5580788,Self-Employed,407247,02/04/2013,Approved,,,,,
26/06/2023,525,9397315,7623323,Unemployed,234380,18/06/2012,Approved,,,,,
27/06/2023,603,3308190,5179648,Self-Employed,283200,26/04/2015,Approved,,,,,
28/06/2023,589,3457416,7646193,Self-Employed,413545,04/10/2008,Approved,,,,,
30/06/2023,834,12636725,6354785,Self-Employed,133801,27/09/2001,Approved,,,,,
01/07/2023,341,11534758,7122903,Employed,382070,25/08/2009,Denied,,,,,
02/07/2023,536,9353740,9150442,Unemployed,40015,22/05/2006,Approved,,,,,
03/07/2023,778,6444773,8373832,Unemployed,128737,04/01/2013,Approved,,,,,
04/07/2023,507,8736826,5443074,Employed,146027,13/03/2001,Denied,,,,,
05/07/2023,439,10731510,3605770,Employed,423800,28/05/2007,Approved,,,,,
06/07/2023,606,6854599,2350438,Employed,67341,20/01/2002,Approved,,,,,
07/07/2023,523,6600279,9697024,Unemployed,30122,06/02/2011,Approved,,,,,
08/07/2023,769,10580448,1318466,Employed,66627,19/10/2004,Denied,,,,,
09/07/2023,762,9559380,4066104,Self-Employed,448663,30/06/2004,Denied,,,,,
10/07/2023,548,3781535,1843291,Employed,14245,23/11/2005,Denied,,,,,
12/07/2023,835,13548616,3984168,Self-Employed,426664,18/10/2011,Approved,,,,,
13/07/2023,360,6785445,2587785,Self-Employed,342983,20/04/2010,Denied,,,,,
14/07/2023,708,4669312,9559941,Employed,153706,02/02/2001,Approved,,,,,
15/07/2023,537,8824267,9067946,Employed,161370,18/05/2011,Denied,,,,,
16/07/2023,714,5164667,3408239,Unemployed,169075,01/05/2014,Approved,,,,,
17/07/2023,788,6383654,894563,Unemployed,15950,26/02/2007,Denied,,,,,
18/07/2023,785,6548714,1527126,Unemployed,85752,30/03/2013,Denied,,,,,
19/07/2023,415,11083227,8491661,Employed,163370,29/06/2005,Denied,,,,,
20/07/2023,328,14487677,9881680,Unemployed,80924,25/01/2003,Approved,,,,,
21/07/2023,354,11241431,3891513,Unemployed,212854,16/08/2004,Denied,,,,,
23/07/2023,337,6589133,2402454,Unemployed,497051,15/01/2012,Approved,,,,,
24/07/2023,656,7328674,8503963,Self-Employed,244757,11/08/2013,Denied,,,,,
25/07/2023,733,5807251,2887810,Unemployed,265715,28/10/2002,Approved,,,,,
26/07/2023,523,9954011,2412249,Self-Employed,451440,05/08/2001,Denied,,,,,
27/07/2023,403,6777826,472907,Self-Employed,273905,09/06/2001,Approved,,,,,
28/07/2023,648,9596201,9289350,Self-Employed,298678,18/12/2001,Approved,,,,,
29/07/2023,756,13543000,3016279,Unemployed,445128,16/04/2010,Denied,,,,,
30/07/2023,825,7511713,3842619,Employed,420123,31/05/2004,Denied,,,,,
31/07/2023,809,11639092,764722,Employed,115779,26/09/2002,Denied,,,,,
01/08/2023,556,7425353,5653377,Employed,39973,17/01/2006,Denied,,,,,
02/08/2023,350,5303384,3507176,Self-Employed,40214,09/02/2004,Denied,,,,,
04/08/2023,523,11613536,6843510,Unemployed,85161,25/11/2013,Denied,,,,,
05/08/2023,798,14374747,9430623,Employed,212931,06/07/2003,Denied,,,,,
06/08/2023,510,11320493,569134,Self-Employed,338083,02/06/2000,Denied,,,,,
07/08/2023,690,14872920,6455780,Self-Employed,397271,10/11/2004,Approved,,,,,
08/08/2023,547,12240986,3192169,Employed,99178,17/07/2007,Approved,,,,,
09/08/2023,672,4781849,5225661,Employed,312630,13/03/2000,Approved,,,,,
10/08/2023,565,14592239,7877322,Employed,436746,20/07/2006,Denied,,,,,
11/08/2023,656,9369559,8452287,Self-Employed,461778,18/12/2001,Denied,,,,,
12/08/2023,320,4057479,592062,Employed,230878,02/02/2008,Approved,,,,,
13/08/2023,802,13434015,878902,Unemployed,462444,18/04/2012,Denied,,,,,
15/08/2023,792,11709548,2898459,Unemployed,357293,09/01/2015,Denied,,,,,
16/08/2023,415,7427554,6408265,Self-Employed,350786,12/01/2015,Denied,,,,,
17/08/2023,421,14125531,242086,Unemployed,250500,15/07/2013,Approved,,,,,
18/08/2023,584,11762988,9833149,Self-Employed,54985,03/12/2005,Denied,,,,,
19/08/2023,627,3419541,6195546,Unemployed,43567,21/12/2002,Denied,,,,,
20/08/2023,686,7456492,4811356,Employed,98460,02/02/2001,Denied,,,,,
21/08/2023,440,12097389,5357477,Employed,368985,16/05/2000,Denied,,,,,
22/08/2023,409,14259357,6704563,Employed,453235,18/12/2010,Approved,,,,,
23/08/2023,597,14076626,6097363,Self-Employed,263231,30/07/2001,Denied,,,,,
24/08/2023,315,7482050,8729970,Self-Employed,215924,30/07/2012,Denied,,,,,
25/08/2023,444,3474111,1050643,Unemployed,7788,07/07/2006,Approved,,,,,
27/08/2023,674,3883518,7223082,Unemployed,315943,04/08/2000,Approved,,,,,
28/08/2023,605,8519087,4336260,Unemployed,340185,10/06/2014,Denied,,,,,
29/08/2023,768,14031713,6386256,Employed,118938,20/01/2014,Approved,,,,,
30/08/2023,347,3080242,1605044,Self-Employed,389793,14/01/2008,Denied,,,,,
31/08/2023,512,4230179,1815133,Self-Employed,260870,10/07/2011,Denied,,,,,
01/09/2023,405,13789586,8562912,Unemployed,120847,24/07/2004,Approved,,,,,
02/09/2023,626,14408423,9388312,Self-Employed,26009,22/06/2002,Denied,,,,,
03/09/2023,311,6980074,2993453,Employed,370232,23/09/2009,Denied,,,,,
04/09/2023,394,9778649,6031930,Self-Employed,433503,06/03/2000,Approved,,,,,
05/09/2023,569,8395070,3946438,Employed,363052,17/02/2003,Approved,,,,,
07/09/2023,654,14562837,1714369,Unemployed,426121,28/11/2007,Denied,,,,,
08/09/2023,649,10756915,2776824,Unemployed,436827,15/10/2015,Denied,,,,,
09/09/2023,744,4933263,1131726,Self-Employed,437436,28/05/2004,Denied,,,,,
10/09/2023,717,5217340,7503019,Employed,80284,24/12/2014,Denied,,,,,
11/09/2023,591,12472062,218365,Employed,26052,14/04/2003,Approved,,,,,
12/09/2023,662,8654746,8474156,Unemployed,149513,22/03/2008,Approved,,,,,
13/09/2023,451,3476963,6562066,Self-Employed,323740,30/04/2010,Approved,,,,,
14/09/2023,352,9632282,4896652,Employed,259516,29/03/2011,Denied,,,,,
15/09/2023,352,11711648,3562404,Employed,348628,11/09/2012,Approved,,,,,
16/09/2023,432,9018019,4076544,Unemployed,363084,30/09/2000,Denied,,,,,
17/09/2023,315,5737942,7440726,Self-Employed,174842,23/12/2002,Denied,,,,,
19/09/2023,842,12207697,4897943,Employed,460559,24/01/2010,Denied,,,,,
20/09/2023,763,5769739,428396,Employed,139269,27/06/2005,Denied,,,,,
21/09/2023,325,3091224,5742601,Employed,154832,27/12/2015,Denied,,,,,
22/09/2023,668,4931169,1796600,Unemployed,201316,10/01/2008,Approved,,,,,
23/09/2023,595,14375777,9294378,Unemployed,221848,31/08/2011,Approved,,,,,
24/09/2023,698,9850817,7140408,Unemployed,73845,28/01/2005,Denied,,,,,
25/09/2023,508,14027370,4163226,Unemployed,184152,15/05/2006,Denied,,,,,
26/09/2023,343,9509274,2745566,Self-Employed,331451,19/11/2014,Approved,,,,,
27/09/2023,729,12530698,7723231,Self-Employed,209858,24/10/2007,Denied,,,,,
28/09/2023,478,5224253,6243460,Self-Employed,197136,13/05/2010,Denied,,,,,
30/09/2023,433,12443328,7882486,Self-Employed,165381,28/06/2009,Approved,,,,,
01/10/2023,372,3984972,3411912,Self-Employed,469882,21/02/2006,Approved,,,,,
02/10/2023,652,6380114,119348,Unemployed,304974,03/12/2013,Denied,,,,,
03/10/2023,745,5846999,1236102,Self-Employed,347340,06/08/2010,Denied,,,,,
04/10/2023,625,6129559,6655530,Unemployed,240798,08/09/2013,Approved,,,,,
05/10/2023,332,10841876,305115,Self-Employed,250055,08/01/2001,Denied,,,,,
06/10/2023,417,9773771,3443608,Self-Employed,307220,21/05/2010,Approved,,,,,
07/10/2023,760,6749003,7965507,Unemployed,225937,24/12/2005,Denied,,,,,
08/10/2023,331,6775425,7643663,Employed,330905,19/09/2003,Approved,,,,,
09/10/2023,800,4612340,917929,Self-Employed,391890,09/09/2015,Denied,,,,,
10/10/2023,324,9482309,3296973,Employed,258794,29/12/2009,Approved,,,,,
12/10/2023,820,14272531,7733945,Employed,35755,07/06/2009,Approved,,,,,
13/10/2023,433,5657430,1396993,Unemployed,12733,20/05/2007,Denied,,,,,
14/10/2023,558,9388332,2334725,Employed,297586,03/07/2003,Approved,,,,,
15/10/2023,699,3354319,7621164,Unemployed,248863,14/01/2013,Approved,,,,,
16/10/2023,754,8194536,9898653,Unemployed,187708,11/01/2004,Approved,,,,,
17/10/2023,329,3672443,7891091,Unemployed,241340,19/11/2013,Approved,,,,,
18/10/2023,745,12533732,1145058,Self-Employed,474922,29/05/2011,Denied,,,,,
19/10/2023,685,6774438,7731835,Unemployed,49690,20/04/2003,Approved,,,,,
20/10/2023,780,11766419,7988696,Unemployed,121152,06/10/2006,Denied,,,,,
21/10/2023,464,10361478,941278,Employed,281196,01/12/2005,Approved,,,,,
23/10/2023,707,6286182,646104,Unemployed,178515,10/04/2007,Denied,,,,,
24/10/2023,713,11024488,9887376,Unemployed,307110,08/01/2001,Denied,,,,,
25/10/2023,726,14301262,3874818,Employed,393225,01/05/2008,Approved,,,,,
26/10/2023,522,9222524,3443114,Employed,447994,28/04/2007,Denied,,,,,
27/10/2023,830,11761158,8621912,Unemployed,88044,06/11/2002,Approved,,,,,
28/10/2023,721,8816346,4703417,Employed,93954,27/10/2006,Approved,,,,,
29/10/2023,383,13148875,103875,Unemployed,440377,21/08/2007,Approved,,,,,
30/10/2023,692,10300997,5002951,Self-Employed,497159,09/01/2007,Approved,,,,,
31/10/2023,484,5094773,7730492,Employed,11034,13/09/2010,Denied,,,,,
01/11/2023,674,6832493,7376986,Self-Employed,171215,18/01/2006,Denied,,,,,
02/11/2023,667,5689931,1584883,Employed,162195,04/10/2011,Denied,,,,,
04/11/2023,723,6772633,4268557,Unemployed,412915,31/12/2001,Approved,,,,,
05/11/2023,738,9349054,6925415,Self-Employed,306405,27/09/2001,Approved,,,,,
06/11/2023,517,6854545,5695230,Unemployed,15558,25/07/2001,Denied,,,,,
07/11/2023,344,9379120,9232383,Unemployed,165732,03/10/2012,Denied,,,,,
08/11/2023,393,4325029,4439441,Self-Employed,84257,22/02/2011,Denied,,,,,
09/11/2023,398,9887174,4255255,Employed,266854,24/11/2008,Denied,,,,,
10/11/2023,720,3157053,6460004,Self-Employed,388468,01/04/2009,Approved,,,,,
11/11/2023,387,11239967,3263272,Unemployed,177418,24/10/2013,Approved,,,,,
12/11/2023,351,4678849,9423052,Unemployed,245730,24/10/2007,Denied,,,,,
13/11/2023,553,12248586,3469453,Employed,15600,15/02/2015,Denied,,,,,
15/11/2023,370,14425563,1144257,Self-Employed,291066,03/01/2011,Denied,,,,,
16/11/2023,330,12208742,9207953,Unemployed,442888,19/12/2001,Denied,,,,,
17/11/2023,392,14892021,8903365,Employed,234036,02/06/2005,Denied,,,,,
18/11/2023,729,10317836,8769543,Employed,8606,20/12/2002,Denied,,,,,
19/11/2023,333,13641895,3995155,Self-Employed,336088,10/11/2008,Approved,,,,,
20/11/2023,505,8853006,5617230,Employed,441851,24/11/2001,Approved,,,,,
21/11/2023,543,4705808,5195317,Unemployed,420454,22/07/2002,Denied,,,,,
22/11/2023,350,10305798,7984865,Employed,140058,27/05/2011,Approved,,,,,
23/11/2023,567,4227165,4451156,Self-Employed,158345,17/06/2003,Denied,,,,,
24/11/2023,378,9419839,4163654,Self-Employed,155533,20/04/2009,Approved,,,,,
25/11/2023,465,9063634,7738206,Self-Employed,244297,14/11/2005,Denied,,,,,
27/11/2023,393,5811656,3102359,Unemployed,145251,07/11/2009,Approved,,,,,
28/11/2023,806,6833545,7013817,Self-Employed,84323,12/03/2011,Approved,,,,,
29/11/2023,558,12607016,1469608,Employed,350335,15/07/2000,Approved,,,,,
30/11/2023,811,5355151,213023,Unemployed,73366,16/11/2015,Approved,,,,,
01/12/2023,691,12412058,2845214,Unemployed,95098,30/05/2015,Denied,,,,,
02/12/2023,350,3494559,6376959,Employed,318556,12/01/2006,Approved,,,,,
03/12/2023,321,10739073,9721887,Self-Employed,476068,29/07/2006,Denied,,,,,
04/12/2023,680,13309350,8339096,Employed,356596,17/02/2004,Approved,,,,,
05/12/2023,751,7694362,2008071,Self-Employed,356523,04/08/2000,Approved,,,,,
06/12/2023,380,4051073,3995698,Employed,91984,26/08/2008,Approved,,,,,
08/12/2023,334,13279540,5902631,Unemployed,499648,16/12/2001,Approved,,,,,
09/12/2023,658,10006332,5055367,Unemployed,377857,17/11/2005,Approved,,,,,
10/12/2023,314,3159904,5817280,Employed,171766,28/03/2005,Denied,,,,,
11/12/2023,351,11991440,9574412,Employed,423330,05/07/2006,Denied,,,,,
12/12/2023,313,8230781,5586576,Employed,232964,12/09/2010,Denied,,,,,
13/12/2023,547,8912682,8796821,Unemployed,451510,25/06/2009,Denied,,,,,
14/12/2023,699,9342420,5707298,Self-Employed,85696,09/09/2000,Approved,,,,,
15/12/2023,486,12084534,2240684,Employed,351182,17/02/2002,Denied,,,,,
16/12/2023,777,4420202,9095527,Unemployed,487716,25/09/2005,Denied,,,,,
17/12/2023,558,13320259,7138365,Employed,398248,21/04/2014,Denied,,,,,
18/12/2023,315,10854017,8261400,Self-Employed,145422,21/07/2008,Approved,,,,,
20/12/2023,391,10049117,5722585,Unemployed,395196,21/03/2000,Approved,,,,,
21/12/2023,425,13953435,2086348,Self-Employed,389528,01/07/2002,Denied,,,,,
22/12/2023,584,5525823,548255,Employed,93392,24/09/2011,Approved,,,,,
23/12/2023,351,8058168,1383844,Employed,324038,17/12/2004,Approved,,,,,
24/12/2023,411,3291533,5799290,Employed,35828,28/03/2006,Approved,,,,,
25/12/2023,783,8961619,6406763,Employed,227004,16/09/2013,Denied,,,,,
26/12/2023,848,11809341,4055431,Unemployed,366268,26/12/2008,Denied,,,,,
27/12/2023,440,3764240,3766218,Self-Employed,65504,05/12/2010,Denied,,,,,
28/12/2023,689,11480824,737351,Employed,28324,06/10/2007,Approved,,,,,
29/12/2023,722,13124842,8188722,Unemployed,28072,29/09/2001,Denied,,,,,
31/12/2023,823,11180315,2196712,Self-Employed,185903,02/11/2009,Denied,,,,,
